"Timestamp","Name:","Graduation Year:","Department in NITT","Contact Number:","Email:","University (Higher Studies) you are studying in currently (fill NA if not applicable):","Working at (fill NA if not applicable):","Area Pursued:","Please upload a recent image of yours:","LinkedIn Link:","Github link:","Facebook Link:","Personal Webpage","Any other details, comments or suggestions you wish to add. (This is a paragraph question, You can type as much as you wish)"
"2019/09/16 6:50:32 PM GMT","Nithin Shrivatsav Srikanth","2018","EEE","4704397367","nithinshrivatsav@gmail.com","Georgia Institute of Technology","NA","Robotics","https://drive.google.com/open?usp=forms_web&id=1OkUt5KUCvHZuLUWvdVFTdAf2kgZTHIlG","","","","",""
"2019/09/16 6:52:45 PM GMT","Prakash Baskaran","2017","ICE","15086159031","prakashbaskaran1895@gmail.com","Oregon State University","NA","Ph.D in Robotics","https://drive.google.com/open?usp=forms_web&id=1cJjpy2COUAPRzOQkcKwg7cyzggOyhWEF","www.linkedin.com/in/prakash1895","https://github.com/prakash1895","","",""
"2019/09/16 6:53:19 PM GMT","Baladhurgesh B P","2018","Instrumentation & Control Engineering","+15083108164","bbalagurusamypar@wpi.edu","Worcester Polytechnic Institute","NA","Robotics","https://drive.google.com/open?usp=forms_web&id=1t6v2nv5pX9Q7S8T4Hk73ea1i7Bq9Z2-4","https://www.linkedin.com/in/baladhurgesh-balagurusamy-paramasivan-67057a57","https://github.com/Baladhurgesh","","",""
"2019/09/16 7:06:57 PM GMT","Gibin Joe Zachariah","2014","Mechanical Engineering","+17348810644","gibinzac@gmail.com","University of Michigan - Ann Arbor","Siemens","Control Systems","https://drive.google.com/open?usp=forms_web&id=1v55ZdLTS0zarvs79AljJwaj2UNMOfBnR","https://www.linkedin.com/in/gibinjoe/","","","",""
"2019/09/16 7:11:27 PM GMT","Anirudh Swaminathan","2019","Chemical Engineering","919445693461","aniswami97@gmail.com","University of California San Diego","NA","MS in ECE - Intelligent Systems Robotics and Control","https://drive.google.com/open?usp=forms_web&id=16UUpC1gNkPcmVzmzAw7LuFOoOgsBSeQr","","https://github.com/Anirudh-Swaminathan","https://m.facebook.com/profile.php?id=100009863504158","",""
"2019/09/16 8:13:39 PM GMT","Sabhari Natarajan","2017","Production Engineering","+15083108166","nsabhari@gmail.com","MS Robotics @ WPI","Worked @ PMI, Nagpur (2017-19)","Robotics","https://drive.google.com/open?usp=forms_web&id=1hnKYdXmNZKh3fbclRtLiri_28nSML6-z","https://www.linkedin.com/in/nsabhari1995/","https://github.com/nsabhari","https://www.facebook.com/sabhari.natarajan","",""
"2019/09/16 10:59:36 PM GMT","Mohamed Naveed","2018","ICE","9797395194","mohdnaveed96@gmail.com","Texas A&M University","NA","Stochastic Optimal Control","https://drive.google.com/open?usp=forms_web&id=1JQvoOAxTokWEQaM40FKFgk5O-N8HBwZZ","https://www.linkedin.com/in/mohamed-naveed-674b74a9/","https://github.com/MohamedNaveed","","",""
"2019/10/31 3:06:38 PM GMT","Atif Nabil","2013","Mechanical","+919667237800","contact.atifnabil@gmail.com","NA","Ecofrost Technologies Pvt LTD","Product development","https://drive.google.com/open?usp=forms_web&id=17t6qssmz0b8vcrmSj1MTnzclRV_syKtN","","","","",""
"2019/10/31 3:08:54 PM GMT","Ruthrash Hari","2018","EEE","+16476730282","ruthrash.hari@gmail.com","University of Toronto, Meng","Part-time Robotics Engineer at QA consultants","Autonomous Navigation, robotics, robot learning","https://drive.google.com/open?usp=forms_web&id=1OyVeO7tdQKPp64MGdsHWjo-5F6M7uBMq","https://www.linkedin.com/in/ruthrash-hari-b5b790112","","","",""
"2019/10/31 3:09:18 PM GMT","Venkata Subramanian Srinivasan","2018","ECE","+14703138951","mailmeversus@gmail.com","Georgia Institute of Technology","NA","Computer Vision, DSP","https://drive.google.com/open?usp=forms_web&id=18mtKX-hj09P6C-F1xJqPq2otXW-EjIO2","https://www.linkedin.com/in/vs-s","https://github.com/VenkataSubramania","","",""
"2019/10/31 3:31:05 PM GMT","Akshay Pramod Roy ","2016","ICE","2294438259","akshayproy26@gmail.com","Georgia tech ","Vecna Robotics ","Robotics ","https://drive.google.com/open?usp=forms_web&id=1m98bikzbH3aR4l80pE86Dp5Q-ViD22iH","https://www.linkedin.com/in/akshaypramodroy","https://github.com/apr8","","",""
"2019/10/31 3:46:16 PM GMT","Manikandan Ananth","2014","EEE","+14045136624","manikandan.ananth50@gmail.com","NA","Nvidia","Computer Architecture","https://drive.google.com/open?usp=forms_web&id=1pTa19lZlTiUbP5_b9gg_E7pR8TKTIhIL","Check out Manikandan Ananth’s profile on LinkedIn https://www.linkedin.com/in/manikandanananth50","","","",""
"2019/10/31 4:50:51 PM GMT","Baladhurgesh Balagurusamy Paramasivan","2018","Instrumentation & Control Engineering","+15083108164","bbalagurusamypar@wpi.edu","Worcester Polytechnic Institute","NA","Robotics Engineering ","https://drive.google.com/open?usp=forms_web&id=1xKYhHTF_4_SM5AxEX91o0ef_PhNtYQbp","https://www.linkedin.com/in/baladhurgesh/","https://github.com/Baladhurgesh","","",""
"2019/10/31 6:19:17 PM GMT","Anirudh Swaminathan","2019","Chemical Engineering","0919445693461","anichemnitt@gmail.com","University of California San Diego","NA","MS ECE - Majoring in Intelligent Systems Robotics and Control","https://drive.google.com/open?usp=forms_web&id=1iZnFs513yebl1gyWnSaYEK6X1---NRhx","https://www.linkedin.com/in/anirudh-swaminathan","https://github.com/Anirudh-Swaminathan","https://m.facebook.com/profile.php?id=100009863504158","",""
"2019/10/31 7:18:31 PM GMT","Shravan Murlidaran","2016","Mechanical Engineering","+13095329004","smurlidaran@ucsb.edu","Universirty of California, Santa Barbara","NA","Psychological and Brain Sciences (Computationally understanding Human Vision)","https://drive.google.com/open?usp=forms_web&id=1GF_B_VV1VJLSRSImea4QdxPSIbI6Gp_g","https://www.linkedin.com/in/shravan-murlidaran/","https://github.com/shravan1394","https://www.facebook.com/shravanmuralidharan.m","",""
"2019/11/01 7:08:40 AM GMT","P S V S Sai Kumar","2019","Mechanical","+919790484849","psvssaikumar1998@gmail.com","IISc Bangalore","Na","Cyber Physical Systems","https://drive.google.com/open?usp=forms_web&id=1GHptns6Nc5BgOcU9-psrt-ol4AwSLtJk","https://www.linkedin.com/mwlite/me","https://github.com/psvssaikumar","https://m.facebook.com/profile.php?ref=bookmarks","",""
"2019/11/14 5:00:03 AM GMT","Subramanian Krishnan","2019","ICE","4126366220","subramanian.krish611@gmail.com","Carnegie Mellon University","NA","Mapping and Localization, Planning","https://drive.google.com/open?usp=forms_web&id=183BPgrSFljoMFhj9SHqmlYnOFg8kN2B5","https://www.linkedin.com/in/subramaniankrish/","","https://www.facebook.com/SubzKrish","",""
"2019/11/14 5:54:24 AM GMT","V Venkatesh Prasad","2019","Instrumentation and Control Engineering","8583374947","venkateshprasad23061997@gmail.com","University of California, San Diego","NA","Dynamics and Controls","https://drive.google.com/open?usp=forms_web&id=1xoUGE6nQU7fzX0lc735iCGtQFFIBgHBj","https://www.linkedin.com/in/vvp23","https://github.com/venkateshprasad23","https://www.facebook.com/venkatesh.prasad.3785","",""
"2020/01/05 6:42:54 AM GMT","Sripad Krishna Devalla","2016","Electrical and Electronics Engineering","+6581174864","devalla2603@gmail.com","National University of Singapore","Na","PhD in ""Clinically Reliable Deep Learning Algorithms""","https://drive.google.com/open?usp=forms_web&id=1nK-o4Pj-GhJE1xlONP8oC4ig3Rl5Ipq0","https://www.linkedin.com/in/sripaddevalla","","","",""