"Timestamp","Name","RMI Membership Status","Which Batch you are from? ","Contact Number","What are you currently doing?","What is your current place of residence?","Do you want a T-Shirt?","Whats is the name you want to be printed at the back?","T-Shirt Size","Shirt Color","In case of Alumni - Address where do you want it to be delivered?"
"2017/02/13 4:43:47 PM GMT","H.Ruthrash","Current Member","","","","","","Ruthz","L","",""
"2017/02/13 4:45:43 PM GMT","Nithin","Current Member","","","","","","Nithin","L","",""
"2017/02/13 4:46:44 PM GMT","Adarsh Jagan S","Current Member","","","","","","Jagan ","L","",""
"2017/02/13 4:47:27 PM GMT","Haresh ","Alumni","2016","+1 9799858738","Higher Studies, Texas A&M , College Station. Masters in Aerospace Engineering","3902, college main Street, Apt: 1003, Bryan , TX 77801","Yes","Haresh","L","","Shipped to USA. "
"2017/02/13 4:56:59 PM GMT","Amutha Bharathi","Alumni","2009-2013","+16128067482","Work - Intel","Hillsboro, Oregon, US.","Yes","BHARATHI","L","","India"
"2017/02/13 4:57:26 PM GMT","Shri Aravinthan","Alumni","2011 - 15","8056671238","Working","Hosur","Yes","SHRI","XL","","Shri Aravinthan, T R Ethirajalu Naidu And Sons, Four Roads, Bharat Petroleum Petrol Bunk, Dharmapuri - 636701"
"2017/02/13 4:59:13 PM GMT","Saumya Shah","Current Member","","","","","","Saumya","L","",""
"2017/02/13 4:59:39 PM GMT","Subramanian Krish","Current Member","","","","","","SUBBU","M","",""
"2017/02/13 5:01:36 PM GMT","Prakash B","Current Member","","","","","","$ PRAKASH $","M","",""
"2017/02/13 5:05:03 PM GMT","Ankur Prasad","Alumni","2008-2012","+19799850862","Working. Apple inc ","Sunnyvale California usa","Yes","Ankur","M","","428 Toyama drive. Sunnyvale California 95089 usa "
"2017/02/13 5:07:52 PM GMT","Baladhurgesh B P","Current Member","","","","","","BALA","M","",""
"2017/02/13 5:13:27 PM GMT","Harish","Alumni","2012-2016","9486431953","Higher Studies, WPI","Boston","Yes","Harish","M","","6/291/1 MUTHAMIL St. 1st cross, OPP. V.V.V. college, NGO COLONY, virudhunagar, India 626001"
"2017/02/13 5:17:10 PM GMT","Shravan","Alumni","2012-16","+13095329004","MS in Robotics WPI","Worcester, MA","Yes","Shravan","L","","No3 G2 land marvels lakshmiNivas 7th main road R.A.Puram chennai -28"
"2017/02/13 5:28:01 PM GMT","Pushpak","Alumni","2011-15","9108162035","Civil Services Prep. :P","New Delhi","Yes","Pushpak","M","","197E, Pushp Vihar Sec 4, New Delhi 110017"
"2017/02/13 5:38:35 PM GMT","Mohamed Naveed ","Current Member","","","","","","NAVEED ","XL","",""
"2017/02/13 5:39:14 PM GMT","Manikandan Ananth","Alumni","2010-14","+14045136624","Grad Student @ GATech/GPU Architect @ Nvidia","Atlanta","Yes","MANI","L","","1000 NORTHSIDE DR NW APT 1301, ATLANTA GA 30318"
"2017/02/13 5:54:56 PM GMT","Anand Asokan","Current Member","","","","","","Anand","L","",""
"2017/02/13 6:27:13 PM GMT","Sethu Chidambaram","Alumni","2010-14","+14043370592","Working - Intel","Folsom CA","Yes","NIT TRICHY","M","","No 14, 11th cross, W. Extn, Thillainagar, Trichy - 620018"
"2017/02/13 6:30:28 PM GMT","Kishore Punniyamurthy","Alumni","2010-2014","5129985803","Higher studies ( PhD)","Austin ,Texas","Yes","NIT TRICHY","M","","Plot no 270, Mahesh Nagar , Thalavapalayam, Mariyamankovil (PO) Thanjavur - 613501"
"2017/02/13 6:47:50 PM GMT","Sabhari Natarajan ","Current Member","","","","","","""N Sabhari""","L","",""
"2017/02/13 7:53:23 PM GMT","Vignesh Sushrutha raghavan","Alumni","2010-2014","+31617319589","Research intern, IIT Italy(starting in may)","Delft, netherlands","Yes","NIT Tiruchirappalli","XL","","Flat No 1, 13/1 Hindi Prachara Sabha Street, T.Nagar,Chennai, 600017"
"2017/02/13 10:52:08 PM GMT","Hari Prasanth","Current Member","","","","","","Hari","M","",""
"2017/02/13 11:13:19 PM GMT","Harini","Alumni","2009-2013","+1-734-272-8465","Grad student at University of Michigan Ann Arbor","Ann Arbor ","Yes","Harini","S","","someone will collect for me at Pragyan "
"2017/02/13 11:46:50 PM GMT","Sripad","Alumni","2012-2016","+91 9003296930","PhD, NUS","Singapore","Yes","NIT Trichy","XL","","Ophthalmic Engineering and Innovation Laboratory 
Department of Biomedical Engineering 
National University of Singapore 
7 Engineering Drive 1, Block E3A #07-15
Singapore 117574"
"2017/02/14 12:08:14 AM GMT","Nishant","Alumni","2010-2014","±19197560755","Graduate studies","Raleigh, NC","Yes","NISHANT","L","","Well, I guess we will bulk ship. My address btw is 1818 Gorman St, Raleigh, 27606, NC USA"
"2017/02/14 12:57:37 AM GMT","Subhechha Subudhi","Current Member","","","","","","Subhechha","S","",""
"2017/02/14 1:35:23 AM GMT","Aravindh K","Alumni","2008-12","9443733470","Working in IOCL","Madurai","Yes","Aravindh K","XL","","Akshay K, 1st Year Meta will collect it during Pragyan"
"2017/02/14 3:43:48 AM GMT","John ","Alumni","2010-2014","9994525787","PhD iiser trivandrum","trivandrum","Yes","NIT TRICHY","XXL","","g5 techies park , IISER hostel , IISER thiruvananthapuram , Thiruvananthapuram 695016"
"2017/02/14 3:44:07 AM GMT","Varsha","Current Member","","","","","","Varsha","M","",""
"2017/02/14 6:01:29 AM GMT","Arvind Nataraj S","Current Member","","","","","","Arvind","L","",""
"2017/02/14 9:12:12 AM GMT","SURYA","Alumni","2012-16","9791384269","Working- schneider electric","Bangalore","Yes","SURYA","L","","BEARYS GLOBAL RESEARCH TRIANGLE, SY NO.63/3B, Tower-C,Gorvigere Village, Bidarahalli Hobli, Whitefield-Hoskote Road,Bangalore 560067"
"2017/02/14 7:32:58 PM GMT","Harish Kumar","Current Member","","","","","","Harish","L","",""
"2017/02/14 8:07:53 PM GMT","Vivekanandan Suryamurthy","Alumni","2012-2016","+919842222011 ( my mom's number for courier purposes)","Higher studies","Delft, Netherlands","Yes","NIT Trichy","M","Black","Plot No 8, Abirami Nagar, Narayanapuram, Madurai - 625014."
"2017/02/14 8:11:21 PM GMT","Nanda Kishore","Current Member","","","","","","NAND","M","",""
"2017/02/14 8:15:46 PM GMT","Prakash","Current Member","","","","","","NIT TRICHY","M","Black",""
"2017/02/14 9:25:23 PM GMT","Nikhil","Current Member","","","","","","Nikhil","L","",""
"2017/02/15 2:00:37 AM GMT","dharanivendhan","Alumni","2011-2015","8056099152","Mtech","delhi","Yes","Vendhan","L","Black","C 210,Mantri navaratna partments,mgr street,cholavaram nagar,chennai 44"
"2017/02/15 4:30:59 AM GMT","Vimalesh","Alumni","2012-16","9884253300","Predoc☺@IITM","Chennai","Yes","NIT Trichy","M","Black",""
"2017/02/15 8:06:38 AM GMT","Sabhari ","Current Member","","","","","","Nagammai","L","Black",""
"2017/02/15 9:32:35 AM GMT","H.Ruthrash","Current Member","","","","","","Ruthz","L","Black",""
"2017/02/15 10:20:14 AM GMT","Sidhaarth","Current Member","","","","","","VP","M","Red",""
"2017/02/15 11:06:13 AM GMT","Mohamed Naveed ","Current Member","","","","","","NAVEED","XL","Black",""
"2017/02/15 11:15:30 AM GMT","Arvind Nataraj S ","Current Member","","","","","","NATTY","XL","Black",""
"2017/02/15 11:17:04 AM GMT","Arvind Nataraj S","Current Member","","","","","","Arvind","XL","Red",""
"2017/02/15 12:25:26 PM GMT","Nikhil","Current Member","","","","","","NIKHIL","L","Black",""
"2017/02/15 3:43:46 PM GMT","Sundaravalli","Current Member","","","","","","Sundaravalli ","S","Red",""
"2017/02/15 4:21:16 PM GMT","Madhan","Current Member","","","","","","MADHAN","L","Red",""
"2017/02/15 5:02:57 PM GMT","Madhan","Current Member","","","","","","MADHAN","L","Black",""
"2017/02/15 5:15:20 PM GMT","V Venkatesh Prasad","Current Member","","","","","","Venkatesh","XL","Black",""
"2017/02/15 5:20:01 PM GMT","Anirudh Swaminathan","Current Member","","","","","","Anirudh","XL","Red",""
"2017/02/15 5:22:30 PM GMT","Anirudh Swaminathan","Current Member","","","","","","Anirudh","XL","Black",""
"2017/02/15 5:35:22 PM GMT","Baladhurgesh B P","Current Member","","","","","","BALA","M","Black",""
"2017/02/15 9:28:53 PM GMT","Nanda Kishore","Current Member","","","","","","NAND","M","Black",""
"2017/02/15 11:23:15 PM GMT","Atif Nabil","Alumni","2009-13","+601124222074","Working at Finisar Malaysia as a Test development engineer","Ipoh, Malaysia","Yes","NIT TRICHY","M","Red","Bangalore, India"
"2017/02/15 11:33:33 PM GMT","Venkata Subramanian S","Current Member","","","","","","Venkat","M","Red",""
"2017/02/16 2:06:09 AM GMT","Aarthy","Current Member","","","","","","Aarthy","M","Red",""
"2017/02/16 7:03:05 AM GMT","Sarada","Current Member","","","","","","Sarada","M","Red",""
"2017/02/16 7:05:02 AM GMT","Sarada","Current Member","","","","","","Shar","S","Black",""
"2017/02/16 8:41:27 AM GMT","Nikhil Swaminathan","Alumni","2011-2015","+919445172803","Working; Teach For India","Chennai, India","Yes","Nikhil NIT Trichy","S","Black","I'll collect it during Pragyan"
"2017/02/17 1:25:20 AM GMT","AJAY","Current Member","","","","","","AJAY","M","Red",""