"Timestamp","Name","Areas of Interest","Projects( Done as a part of RMI)","Facebook account link","LinkedIn account link","Email ID","Github account link","Profile photo (Max file size 1MB)"
"2019/04/24 6:41:56 PM GMT","S Srikrishna","Mobile robotics
Multi robot systems
Probablistic robotics
Computational Geometry","","","","","",""
"2019/04/24 7:45:34 PM GMT","Jinesh R","Legged Robotics
Rehabilitation Robotics
Mechanics","HuRoS (Ongoing)
SPEAR","https://m.facebook.com/profile.php?id=100007571207027","https://www.linkedin.com/in/jinesh-r-38a24a172","jineshrs2398@gmail.com","https://github.com/jineshrs2398","https://drive.google.com/open?usp=forms_web&id=1LQZlsK_gRhEtne4398-oNz_Y8ShnXTop"
"2019/04/25 3:30:06 PM GMT","Athithya Kumar N B ","Control, Kinematics and Dynamics of Manipulators.","","https://www.facebook.com/athithyaak","https://www.linkedin.com/in/athithya-kumar-a17828185/","athithyakumar.mech@gmail.com","",""
"2019/04/25 3:35:23 PM GMT","Athithya Kumar","Control, Kinematics and Dynamics of Manipulators.","","https://www.facebook.com/athithyaak","https://www.linkedin.com/in/athithya-kumar-a17828185/","athithyakumar.mech@gmail.com","","https://drive.google.com/open?usp=forms_web&id=1YdIZ8BaHNgoewCX_r1_caiXxnQzgk2SG"
"2019/04/25 5:32:38 PM GMT","Koushik Kumaran","Rehabilitive Robotics
Soft Robotics 
Control Systems","SPEAR(Ongoing)","","","","",""
"2019/04/25 5:37:04 PM GMT","M. Pranav","Machine Learning
Reinforcement Learning
Control systems","","","https://www.linkedin.com/in/pranav-mani-09782a185","pranavmani99@gmail.com","","https://drive.google.com/open?usp=forms_web&id=1MF7wO-8f3YJwG4dduV6Uy0LMxBkr64oC"
"2019/04/25 6:24:37 PM GMT","Avinash S","Image Processing
Embedded Systems
Recurrent Neural Networks","","https://www.facebook.com/profile.php?id=100017631003276","","avinashsenthil029@gmail.com","https://github.com/avinashrox","https://drive.google.com/open?usp=forms_web&id=1z5ZlGTqvkpl_NadFBj_JLbEik17iyQHp"
"2019/04/25 6:41:13 PM GMT","Deepak S V","Mobile Robotics
Rehabilitation Robotics
Computer Vision
Positioning Systems","PEPPER (Ongoing)
SPEAR
RF Synced Indoor Ultrasonic GPS","","","","",""